{"meta":{"version":1,"warehouse":"2.2.0"},"models":{"Asset":[{"_id":"themes/first-theme/source/favicon/favicon.ico","path":"favicon/favicon.ico","modified":0,"renderable":1},{"_id":"themes/first-theme/source/css/blog.css","path":"css/blog.css","modified":0,"renderable":1},{"_id":"themes/first-theme/source/css/ie10-viewport-bug-workaround.css","path":"css/ie10-viewport-bug-workaround.css","modified":0,"renderable":1},{"_id":"themes/first-theme/source/js/ie10-viewport-bug-workaround.js","path":"js/ie10-viewport-bug-workaround.js","modified":0,"renderable":1},{"_id":"themes/first-theme/source/bootstrap/fonts/glyphicons-halflings-regular.eot","path":"bootstrap/fonts/glyphicons-halflings-regular.eot","modified":0,"renderable":1},{"_id":"themes/first-theme/source/bootstrap/fonts/glyphicons-halflings-regular.woff","path":"bootstrap/fonts/glyphicons-halflings-regular.woff","modified":0,"renderable":1},{"_id":"themes/first-theme/source/bootstrap/fonts/glyphicons-halflings-regular.ttf","path":"bootstrap/fonts/glyphicons-halflings-regular.ttf","modified":0,"renderable":1},{"_id":"themes/first-theme/source/bootstrap/fonts/glyphicons-halflings-regular.woff2","path":"bootstrap/fonts/glyphicons-halflings-regular.woff2","modified":0,"renderable":1},{"_id":"themes/first-theme/source/bootstrap/js/bootstrap.min.js","path":"bootstrap/js/bootstrap.min.js","modified":0,"renderable":1},{"_id":"themes/first-theme/source/bootstrap/js/npm.js","path":"bootstrap/js/npm.js","modified":0,"renderable":1},{"_id":"themes/first-theme/source/bootstrap/css/bootstrap-theme.css","path":"bootstrap/css/bootstrap-theme.css","modified":0,"renderable":1},{"_id":"themes/first-theme/source/bootstrap/css/bootstrap-theme.css.map","path":"bootstrap/css/bootstrap-theme.css.map","modified":0,"renderable":1},{"_id":"themes/first-theme/source/bootstrap/css/bootstrap-theme.min.css","path":"bootstrap/css/bootstrap-theme.min.css","modified":0,"renderable":1},{"_id":"themes/first-theme/source/bootstrap/css/bootstrap-theme.min.css.map","path":"bootstrap/css/bootstrap-theme.min.css.map","modified":0,"renderable":1},{"_id":"themes/first-theme/source/bootstrap/css/bootstrap.min.css.map","path":"bootstrap/css/bootstrap.min.css.map","modified":0,"renderable":1},{"_id":"themes/first-theme/source/bootstrap/fonts/glyphicons-halflings-regular.svg","path":"bootstrap/fonts/glyphicons-halflings-regular.svg","modified":0,"renderable":1},{"_id":"themes/first-theme/source/bootstrap/js/bootstrap.js","path":"bootstrap/js/bootstrap.js","modified":0,"renderable":1},{"_id":"themes/first-theme/source/bootstrap/css/bootstrap.min.css","path":"bootstrap/css/bootstrap.min.css","modified":0,"renderable":1},{"_id":"themes/first-theme/source/bootstrap/css/bootstrap.css","path":"bootstrap/css/bootstrap.css","modified":0,"renderable":1},{"_id":"themes/first-theme/source/bootstrap/css/bootstrap.css.map","path":"bootstrap/css/bootstrap.css.map","modified":0,"renderable":1}],"Cache":[{"_id":"themes/first-theme/_config.yml","hash":"f7e2f6b5117a50a3427f17a32932bbb4ab00cc2c","modified":1510238782024},{"_id":"source/_posts/hello-world.1.md","hash":"5bfee4fb838bafe99406a278e9d1101d29135285","modified":1510236189732},{"_id":"source/_posts/hello-world.md","hash":"3b83a1a33f8fcc59c4682c7ffa96fc15393d5015","modified":1510238431768},{"_id":"themes/first-theme/layout/index.ejs","hash":"f12ed90bcf597fb5a906826dd243b02e813f28a0","modified":1510238911024},{"_id":"themes/first-theme/layout/layout.ejs","hash":"d04042cc6cbfc1d880c09daee18c7b20b1dcb3e2","modified":1510222367975},{"_id":"themes/first-theme/source/favicon/favicon.ico","hash":"555a7975c77819173b8b6145c9be91c3a8861345","modified":1457441802000},{"_id":"themes/first-theme/source/css/blog.css","hash":"0a328040d9dc746d9dc0439f29c9f28ed8702fdf","modified":1457442168000},{"_id":"themes/first-theme/source/css/ie10-viewport-bug-workaround.css","hash":"71d4d986ffcdbfab7ef154c95993e54c28def77a","modified":1457441936000},{"_id":"themes/first-theme/layout/_partial/article-excerpt.ejs","hash":"25af79b3177660f704a050619b92ab7ae271b6ee","modified":1510235913946},{"_id":"themes/first-theme/source/js/ie10-viewport-bug-workaround.js","hash":"a49e8e472361fd13b514d01e8672552fc61c872d","modified":1457442778000},{"_id":"themes/first-theme/layout/_partial/after-footer.ejs","hash":"1276f43a4b81e47bbc2bdd341435bef20ca658e3","modified":1510216756315},{"_id":"themes/first-theme/layout/_partial/footer.ejs","hash":"4f9ff18288fea0be98acc2c5db91965d9a5590f3","modified":1510222201252},{"_id":"themes/first-theme/layout/_partial/head.ejs","hash":"6fc05be678729abb6ce7f37e2d225c57d46481ac","modified":1510216255335},{"_id":"themes/first-theme/layout/_partial/header.ejs","hash":"7faa9ac4d405dbc577dfd8fb82bfa050699f44df","modified":1510217479240},{"_id":"themes/first-theme/layout/_partial/sidebar.ejs","hash":"41f959b5926611c56997b67464db5cc9a8b23f38","modified":1510223101960},{"_id":"themes/first-theme/layout/_partial/menu.ejs","hash":"9149951bb2307836d7ab0bb8354153ef89b92df0","modified":1510216998795},{"_id":"themes/first-theme/layout/_partial/pagination.ejs","hash":"446bdc7805775cb0cea69ae1cb4b8390be8616de","modified":1510239077584},{"_id":"themes/first-theme/source/__MACOSX/favicon/._favicon.ico","hash":"734e7b51c8f41b8c7bc0bd1c1b71c6966001825f","modified":1457441802000},{"_id":"themes/first-theme/source/bootstrap/fonts/glyphicons-halflings-regular.eot","hash":"86b6f62b7853e67d3e635f6512a5a5efc58ea3c3","modified":1448391546000},{"_id":"themes/first-theme/source/bootstrap/fonts/glyphicons-halflings-regular.woff","hash":"278e49a86e634da6f2a02f3b47dd9d2a8f26210f","modified":1448391546000},{"_id":"themes/first-theme/source/bootstrap/fonts/glyphicons-halflings-regular.ttf","hash":"44bc1850f570972267b169ae18f1cb06b611ffa2","modified":1448391546000},{"_id":"themes/first-theme/source/bootstrap/fonts/glyphicons-halflings-regular.woff2","hash":"ca35b697d99cae4d1b60f2d60fcd37771987eb07","modified":1448391546000},{"_id":"themes/first-theme/source/bootstrap/js/bootstrap.min.js","hash":"791aa054a026bddc0de92bad6cf7a1c6e73713d5","modified":1448393662000},{"_id":"themes/first-theme/source/bootstrap/js/npm.js","hash":"e2b7590d6ec1fdac66b01fdf66ae0879f53b1262","modified":1448393662000},{"_id":"themes/first-theme/source/bootstrap/css/bootstrap-theme.css","hash":"6c3f0c97a5c7e1ef6453d6b64e875b5eb141d397","modified":1448393660000},{"_id":"themes/first-theme/source/bootstrap/css/bootstrap-theme.css.map","hash":"29d019dd007929a57c564b2b85785e4e12e58db2","modified":1448393660000},{"_id":"themes/first-theme/source/bootstrap/css/bootstrap-theme.min.css","hash":"bcb96e31a2b8fed5575995fa0c58293e64972116","modified":1448393660000},{"_id":"themes/first-theme/source/bootstrap/css/bootstrap-theme.min.css.map","hash":"55253bf57e974dc89014e57783a1a4c737e7c867","modified":1448393660000},{"_id":"themes/first-theme/source/bootstrap/css/bootstrap.min.css.map","hash":"95fb9d7b83bebc9c37cefee87514f5979ee8785d","modified":1448393660000},{"_id":"themes/first-theme/source/bootstrap/fonts/glyphicons-halflings-regular.svg","hash":"de51a8494180a6db074af2dee2383f0a363c5b08","modified":1448391546000},{"_id":"themes/first-theme/source/bootstrap/js/bootstrap.js","hash":"8cf4186ce86777b4b408ce308ca9f66dd421f509","modified":1448393660000},{"_id":"themes/first-theme/source/bootstrap/css/bootstrap.min.css","hash":"8eb176c70b9cfa6871b76d6dc98fb526e7e9b3de","modified":1448393660000},{"_id":"themes/first-theme/source/bootstrap/css/bootstrap.css","hash":"4316dcfb54e1b0a428e1d37203a4028fd0408298","modified":1448393660000},{"_id":"themes/first-theme/source/bootstrap/css/bootstrap.css.map","hash":"85cacfd84a6258ed0e193874efa31c87f86b9e87","modified":1448393660000},{"_id":"source/_posts/hello-world.2.md","hash":"5bfee4fb838bafe99406a278e9d1101d29135285","modified":1510239260387}],"Category":[],"Data":[],"Page":[],"Post":[{"title":"Hello World","_content":"Welcome to to [Hexo](https://hexo.io/)! This is your very first post. Check [documentation](https://hexo.io/docs/) for more info. If you get any problems when using Hexo, you can find the answer in [troubleshooting](https://hexo.io/docs/troubleshooting.html) or you can ask me on [GitHub](https://github.com/hexojs/hexo/issues).\n\n## Quick Start\n\n### Create a new post\n\n``` bash\n$ hexo new \"My New Post\"\n```\n\nMore info: [Writing](https://hexo.io/docs/writing.html)\n\n### Run server\n\n``` bash\n$ hexo server\n```\n\nMore info: [Server](https://hexo.io/docs/server.html)\n\n### Generate static files\n\n``` bash\n$ hexo generate\n```\n\nMore info: [Generating](https://hexo.io/docs/generating.html)\n\n### Deploy to remote sites\n\n``` bash\n$ hexo deploy\n```\n\nMore info: [Deployment](https://hexo.io/docs/deployment.html)\n","source":"_posts/hello-world.1.md","raw":"---\ntitle: Hello World\n---\nWelcome to to [Hexo](https://hexo.io/)! This is your very first post. Check [documentation](https://hexo.io/docs/) for more info. If you get any problems when using Hexo, you can find the answer in [troubleshooting](https://hexo.io/docs/troubleshooting.html) or you can ask me on [GitHub](https://github.com/hexojs/hexo/issues).\n\n## Quick Start\n\n### Create a new post\n\n``` bash\n$ hexo new \"My New Post\"\n```\n\nMore info: [Writing](https://hexo.io/docs/writing.html)\n\n### Run server\n\n``` bash\n$ hexo server\n```\n\nMore info: [Server](https://hexo.io/docs/server.html)\n\n### Generate static files\n\n``` bash\n$ hexo generate\n```\n\nMore info: [Generating](https://hexo.io/docs/generating.html)\n\n### Deploy to remote sites\n\n``` bash\n$ hexo deploy\n```\n\nMore info: [Deployment](https://hexo.io/docs/deployment.html)\n","slug":"hello-world.1","published":1,"date":"2017-11-09T14:03:09.727Z","updated":"2017-11-09T14:03:09.732Z","comments":1,"layout":"post","photos":[],"link":"","_id":"cj9slfcaj0000jwn14vuohktq","content":"<p>Welcome to to <a href=\"https://hexo.io/\" target=\"_blank\" rel=\"external\">Hexo</a>! This is your very first post. Check <a href=\"https://hexo.io/docs/\" target=\"_blank\" rel=\"external\">documentation</a> for more info. If you get any problems when using Hexo, you can find the answer in <a href=\"https://hexo.io/docs/troubleshooting.html\" target=\"_blank\" rel=\"external\">troubleshooting</a> or you can ask me on <a href=\"https://github.com/hexojs/hexo/issues\" target=\"_blank\" rel=\"external\">GitHub</a>.</p>\n<h2 id=\"Quick-Start\"><a href=\"#Quick-Start\" class=\"headerlink\" title=\"Quick Start\"></a>Quick Start</h2><h3 id=\"Create-a-new-post\"><a href=\"#Create-a-new-post\" class=\"headerlink\" title=\"Create a new post\"></a>Create a new post</h3><figure class=\"highlight bash\"><table><tr><td class=\"gutter\"><pre><span class=\"line\">1</span><br></pre></td><td class=\"code\"><pre><span class=\"line\">$ hexo new <span class=\"string\">\"My New Post\"</span></span><br></pre></td></tr></table></figure>\n<p>More info: <a href=\"https://hexo.io/docs/writing.html\" target=\"_blank\" rel=\"external\">Writing</a></p>\n<h3 id=\"Run-server\"><a href=\"#Run-server\" class=\"headerlink\" title=\"Run server\"></a>Run server</h3><figure class=\"highlight bash\"><table><tr><td class=\"gutter\"><pre><span class=\"line\">1</span><br></pre></td><td class=\"code\"><pre><span class=\"line\">$ hexo server</span><br></pre></td></tr></table></figure>\n<p>More info: <a href=\"https://hexo.io/docs/server.html\" target=\"_blank\" rel=\"external\">Server</a></p>\n<h3 id=\"Generate-static-files\"><a href=\"#Generate-static-files\" class=\"headerlink\" title=\"Generate static files\"></a>Generate static files</h3><figure class=\"highlight bash\"><table><tr><td class=\"gutter\"><pre><span class=\"line\">1</span><br></pre></td><td class=\"code\"><pre><span class=\"line\">$ hexo generate</span><br></pre></td></tr></table></figure>\n<p>More info: <a href=\"https://hexo.io/docs/generating.html\" target=\"_blank\" rel=\"external\">Generating</a></p>\n<h3 id=\"Deploy-to-remote-sites\"><a href=\"#Deploy-to-remote-sites\" class=\"headerlink\" title=\"Deploy to remote sites\"></a>Deploy to remote sites</h3><figure class=\"highlight bash\"><table><tr><td class=\"gutter\"><pre><span class=\"line\">1</span><br></pre></td><td class=\"code\"><pre><span class=\"line\">$ hexo deploy</span><br></pre></td></tr></table></figure>\n<p>More info: <a href=\"https://hexo.io/docs/deployment.html\" target=\"_blank\" rel=\"external\">Deployment</a></p>\n","site":{"data":{}},"excerpt":"","more":"<p>Welcome to to <a href=\"https://hexo.io/\" target=\"_blank\" rel=\"external\">Hexo</a>! This is your very first post. Check <a href=\"https://hexo.io/docs/\" target=\"_blank\" rel=\"external\">documentation</a> for more info. If you get any problems when using Hexo, you can find the answer in <a href=\"https://hexo.io/docs/troubleshooting.html\" target=\"_blank\" rel=\"external\">troubleshooting</a> or you can ask me on <a href=\"https://github.com/hexojs/hexo/issues\" target=\"_blank\" rel=\"external\">GitHub</a>.</p>\n<h2 id=\"Quick-Start\"><a href=\"#Quick-Start\" class=\"headerlink\" title=\"Quick Start\"></a>Quick Start</h2><h3 id=\"Create-a-new-post\"><a href=\"#Create-a-new-post\" class=\"headerlink\" title=\"Create a new post\"></a>Create a new post</h3><figure class=\"highlight bash\"><table><tr><td class=\"gutter\"><pre><span class=\"line\">1</span><br></pre></td><td class=\"code\"><pre><span class=\"line\">$ hexo new <span class=\"string\">\"My New Post\"</span></span><br></pre></td></tr></table></figure>\n<p>More info: <a href=\"https://hexo.io/docs/writing.html\" target=\"_blank\" rel=\"external\">Writing</a></p>\n<h3 id=\"Run-server\"><a href=\"#Run-server\" class=\"headerlink\" title=\"Run server\"></a>Run server</h3><figure class=\"highlight bash\"><table><tr><td class=\"gutter\"><pre><span class=\"line\">1</span><br></pre></td><td class=\"code\"><pre><span class=\"line\">$ hexo server</span><br></pre></td></tr></table></figure>\n<p>More info: <a href=\"https://hexo.io/docs/server.html\" target=\"_blank\" rel=\"external\">Server</a></p>\n<h3 id=\"Generate-static-files\"><a href=\"#Generate-static-files\" class=\"headerlink\" title=\"Generate static files\"></a>Generate static files</h3><figure class=\"highlight bash\"><table><tr><td class=\"gutter\"><pre><span class=\"line\">1</span><br></pre></td><td class=\"code\"><pre><span class=\"line\">$ hexo generate</span><br></pre></td></tr></table></figure>\n<p>More info: <a href=\"https://hexo.io/docs/generating.html\" target=\"_blank\" rel=\"external\">Generating</a></p>\n<h3 id=\"Deploy-to-remote-sites\"><a href=\"#Deploy-to-remote-sites\" class=\"headerlink\" title=\"Deploy to remote sites\"></a>Deploy to remote sites</h3><figure class=\"highlight bash\"><table><tr><td class=\"gutter\"><pre><span class=\"line\">1</span><br></pre></td><td class=\"code\"><pre><span class=\"line\">$ hexo deploy</span><br></pre></td></tr></table></figure>\n<p>More info: <a href=\"https://hexo.io/docs/deployment.html\" target=\"_blank\" rel=\"external\">Deployment</a></p>\n"},{"title":"Hello World","_content":"Welcome to to [Hexo](https://hexo.io/)! This is your very first post. Check [documentation](https://hexo.io/docs/) for more info. If you get any problems when using Hexo, you can find the answer in [troubleshooting](https://hexo.io/docs/troubleshooting.html) or you can ask me on [GitHub](https://github.com/hexojs/hexo/issues).\n\n<!-- more -->\n\n## Quick Start\n\n### Create a new post\n\n``` bash\n$ hexo new \"My New Post\"\n```\n\nMore info: [Writing](https://hexo.io/docs/writing.html)\n\n### Run server\n\n``` bash\n$ hexo server\n```\n\nMore info: [Server](https://hexo.io/docs/server.html)\n\n### Generate static files\n\n``` bash\n$ hexo generate\n```\n\nMore info: [Generating](https://hexo.io/docs/generating.html)\n\n### Deploy to remote sites\n\n``` bash\n$ hexo deploy\n```\n\nMore info: [Deployment](https://hexo.io/docs/deployment.html)\n","source":"_posts/hello-world.md","raw":"---\ntitle: Hello World\n---\nWelcome to to [Hexo](https://hexo.io/)! This is your very first post. Check [documentation](https://hexo.io/docs/) for more info. If you get any problems when using Hexo, you can find the answer in [troubleshooting](https://hexo.io/docs/troubleshooting.html) or you can ask me on [GitHub](https://github.com/hexojs/hexo/issues).\n\n<!-- more -->\n\n## Quick Start\n\n### Create a new post\n\n``` bash\n$ hexo new \"My New Post\"\n```\n\nMore info: [Writing](https://hexo.io/docs/writing.html)\n\n### Run server\n\n``` bash\n$ hexo server\n```\n\nMore info: [Server](https://hexo.io/docs/server.html)\n\n### Generate static files\n\n``` bash\n$ hexo generate\n```\n\nMore info: [Generating](https://hexo.io/docs/generating.html)\n\n### Deploy to remote sites\n\n``` bash\n$ hexo deploy\n```\n\nMore info: [Deployment](https://hexo.io/docs/deployment.html)\n","slug":"hello-world","published":1,"date":"2017-11-08T14:06:34.147Z","updated":"2017-11-09T14:40:31.768Z","comments":1,"layout":"post","photos":[],"link":"","_id":"cj9slfcas0001jwn1lgv1xbo8","content":"<p>Welcome to to <a href=\"https://hexo.io/\" target=\"_blank\" rel=\"external\">Hexo</a>! This is your very first post. Check <a href=\"https://hexo.io/docs/\" target=\"_blank\" rel=\"external\">documentation</a> for more info. If you get any problems when using Hexo, you can find the answer in <a href=\"https://hexo.io/docs/troubleshooting.html\" target=\"_blank\" rel=\"external\">troubleshooting</a> or you can ask me on <a href=\"https://github.com/hexojs/hexo/issues\" target=\"_blank\" rel=\"external\">GitHub</a>.</p>\n<a id=\"more\"></a>\n<h2 id=\"Quick-Start\"><a href=\"#Quick-Start\" class=\"headerlink\" title=\"Quick Start\"></a>Quick Start</h2><h3 id=\"Create-a-new-post\"><a href=\"#Create-a-new-post\" class=\"headerlink\" title=\"Create a new post\"></a>Create a new post</h3><figure class=\"highlight bash\"><table><tr><td class=\"gutter\"><pre><span class=\"line\">1</span><br></pre></td><td class=\"code\"><pre><span class=\"line\">$ hexo new <span class=\"string\">\"My New Post\"</span></span><br></pre></td></tr></table></figure>\n<p>More info: <a href=\"https://hexo.io/docs/writing.html\" target=\"_blank\" rel=\"external\">Writing</a></p>\n<h3 id=\"Run-server\"><a href=\"#Run-server\" class=\"headerlink\" title=\"Run server\"></a>Run server</h3><figure class=\"highlight bash\"><table><tr><td class=\"gutter\"><pre><span class=\"line\">1</span><br></pre></td><td class=\"code\"><pre><span class=\"line\">$ hexo server</span><br></pre></td></tr></table></figure>\n<p>More info: <a href=\"https://hexo.io/docs/server.html\" target=\"_blank\" rel=\"external\">Server</a></p>\n<h3 id=\"Generate-static-files\"><a href=\"#Generate-static-files\" class=\"headerlink\" title=\"Generate static files\"></a>Generate static files</h3><figure class=\"highlight bash\"><table><tr><td class=\"gutter\"><pre><span class=\"line\">1</span><br></pre></td><td class=\"code\"><pre><span class=\"line\">$ hexo generate</span><br></pre></td></tr></table></figure>\n<p>More info: <a href=\"https://hexo.io/docs/generating.html\" target=\"_blank\" rel=\"external\">Generating</a></p>\n<h3 id=\"Deploy-to-remote-sites\"><a href=\"#Deploy-to-remote-sites\" class=\"headerlink\" title=\"Deploy to remote sites\"></a>Deploy to remote sites</h3><figure class=\"highlight bash\"><table><tr><td class=\"gutter\"><pre><span class=\"line\">1</span><br></pre></td><td class=\"code\"><pre><span class=\"line\">$ hexo deploy</span><br></pre></td></tr></table></figure>\n<p>More info: <a href=\"https://hexo.io/docs/deployment.html\" target=\"_blank\" rel=\"external\">Deployment</a></p>\n","site":{"data":{}},"excerpt":"<p>Welcome to to <a href=\"https://hexo.io/\" target=\"_blank\" rel=\"external\">Hexo</a>! This is your very first post. Check <a href=\"https://hexo.io/docs/\" target=\"_blank\" rel=\"external\">documentation</a> for more info. If you get any problems when using Hexo, you can find the answer in <a href=\"https://hexo.io/docs/troubleshooting.html\" target=\"_blank\" rel=\"external\">troubleshooting</a> or you can ask me on <a href=\"https://github.com/hexojs/hexo/issues\" target=\"_blank\" rel=\"external\">GitHub</a>.</p>","more":"<h2 id=\"Quick-Start\"><a href=\"#Quick-Start\" class=\"headerlink\" title=\"Quick Start\"></a>Quick Start</h2><h3 id=\"Create-a-new-post\"><a href=\"#Create-a-new-post\" class=\"headerlink\" title=\"Create a new post\"></a>Create a new post</h3><figure class=\"highlight bash\"><table><tr><td class=\"gutter\"><pre><span class=\"line\">1</span><br></pre></td><td class=\"code\"><pre><span class=\"line\">$ hexo new <span class=\"string\">\"My New Post\"</span></span><br></pre></td></tr></table></figure>\n<p>More info: <a href=\"https://hexo.io/docs/writing.html\" target=\"_blank\" rel=\"external\">Writing</a></p>\n<h3 id=\"Run-server\"><a href=\"#Run-server\" class=\"headerlink\" title=\"Run server\"></a>Run server</h3><figure class=\"highlight bash\"><table><tr><td class=\"gutter\"><pre><span class=\"line\">1</span><br></pre></td><td class=\"code\"><pre><span class=\"line\">$ hexo server</span><br></pre></td></tr></table></figure>\n<p>More info: <a href=\"https://hexo.io/docs/server.html\" target=\"_blank\" rel=\"external\">Server</a></p>\n<h3 id=\"Generate-static-files\"><a href=\"#Generate-static-files\" class=\"headerlink\" title=\"Generate static files\"></a>Generate static files</h3><figure class=\"highlight bash\"><table><tr><td class=\"gutter\"><pre><span class=\"line\">1</span><br></pre></td><td class=\"code\"><pre><span class=\"line\">$ hexo generate</span><br></pre></td></tr></table></figure>\n<p>More info: <a href=\"https://hexo.io/docs/generating.html\" target=\"_blank\" rel=\"external\">Generating</a></p>\n<h3 id=\"Deploy-to-remote-sites\"><a href=\"#Deploy-to-remote-sites\" class=\"headerlink\" title=\"Deploy to remote sites\"></a>Deploy to remote sites</h3><figure class=\"highlight bash\"><table><tr><td class=\"gutter\"><pre><span class=\"line\">1</span><br></pre></td><td class=\"code\"><pre><span class=\"line\">$ hexo deploy</span><br></pre></td></tr></table></figure>\n<p>More info: <a href=\"https://hexo.io/docs/deployment.html\" target=\"_blank\" rel=\"external\">Deployment</a></p>"},{"title":"Hello World","_content":"Welcome to to [Hexo](https://hexo.io/)! This is your very first post. Check [documentation](https://hexo.io/docs/) for more info. If you get any problems when using Hexo, you can find the answer in [troubleshooting](https://hexo.io/docs/troubleshooting.html) or you can ask me on [GitHub](https://github.com/hexojs/hexo/issues).\n\n## Quick Start\n\n### Create a new post\n\n``` bash\n$ hexo new \"My New Post\"\n```\n\nMore info: [Writing](https://hexo.io/docs/writing.html)\n\n### Run server\n\n``` bash\n$ hexo server\n```\n\nMore info: [Server](https://hexo.io/docs/server.html)\n\n### Generate static files\n\n``` bash\n$ hexo generate\n```\n\nMore info: [Generating](https://hexo.io/docs/generating.html)\n\n### Deploy to remote sites\n\n``` bash\n$ hexo deploy\n```\n\nMore info: [Deployment](https://hexo.io/docs/deployment.html)\n","source":"_posts/hello-world.2.md","raw":"---\ntitle: Hello World\n---\nWelcome to to [Hexo](https://hexo.io/)! This is your very first post. Check [documentation](https://hexo.io/docs/) for more info. If you get any problems when using Hexo, you can find the answer in [troubleshooting](https://hexo.io/docs/troubleshooting.html) or you can ask me on [GitHub](https://github.com/hexojs/hexo/issues).\n\n## Quick Start\n\n### Create a new post\n\n``` bash\n$ hexo new \"My New Post\"\n```\n\nMore info: [Writing](https://hexo.io/docs/writing.html)\n\n### Run server\n\n``` bash\n$ hexo server\n```\n\nMore info: [Server](https://hexo.io/docs/server.html)\n\n### Generate static files\n\n``` bash\n$ hexo generate\n```\n\nMore info: [Generating](https://hexo.io/docs/generating.html)\n\n### Deploy to remote sites\n\n``` bash\n$ hexo deploy\n```\n\nMore info: [Deployment](https://hexo.io/docs/deployment.html)\n","slug":"hello-world.2","published":1,"date":"2017-11-09T14:54:20.386Z","updated":"2017-11-09T14:54:20.387Z","comments":1,"layout":"post","photos":[],"link":"","_id":"cj9slhv6z00002wn17adoycmm","content":"<p>Welcome to to <a href=\"https://hexo.io/\" target=\"_blank\" rel=\"external\">Hexo</a>! This is your very first post. Check <a href=\"https://hexo.io/docs/\" target=\"_blank\" rel=\"external\">documentation</a> for more info. If you get any problems when using Hexo, you can find the answer in <a href=\"https://hexo.io/docs/troubleshooting.html\" target=\"_blank\" rel=\"external\">troubleshooting</a> or you can ask me on <a href=\"https://github.com/hexojs/hexo/issues\" target=\"_blank\" rel=\"external\">GitHub</a>.</p>\n<h2 id=\"Quick-Start\"><a href=\"#Quick-Start\" class=\"headerlink\" title=\"Quick Start\"></a>Quick Start</h2><h3 id=\"Create-a-new-post\"><a href=\"#Create-a-new-post\" class=\"headerlink\" title=\"Create a new post\"></a>Create a new post</h3><figure class=\"highlight bash\"><table><tr><td class=\"gutter\"><pre><span class=\"line\">1</span><br></pre></td><td class=\"code\"><pre><span class=\"line\">$ hexo new <span class=\"string\">\"My New Post\"</span></span><br></pre></td></tr></table></figure>\n<p>More info: <a href=\"https://hexo.io/docs/writing.html\" target=\"_blank\" rel=\"external\">Writing</a></p>\n<h3 id=\"Run-server\"><a href=\"#Run-server\" class=\"headerlink\" title=\"Run server\"></a>Run server</h3><figure class=\"highlight bash\"><table><tr><td class=\"gutter\"><pre><span class=\"line\">1</span><br></pre></td><td class=\"code\"><pre><span class=\"line\">$ hexo server</span><br></pre></td></tr></table></figure>\n<p>More info: <a href=\"https://hexo.io/docs/server.html\" target=\"_blank\" rel=\"external\">Server</a></p>\n<h3 id=\"Generate-static-files\"><a href=\"#Generate-static-files\" class=\"headerlink\" title=\"Generate static files\"></a>Generate static files</h3><figure class=\"highlight bash\"><table><tr><td class=\"gutter\"><pre><span class=\"line\">1</span><br></pre></td><td class=\"code\"><pre><span class=\"line\">$ hexo generate</span><br></pre></td></tr></table></figure>\n<p>More info: <a href=\"https://hexo.io/docs/generating.html\" target=\"_blank\" rel=\"external\">Generating</a></p>\n<h3 id=\"Deploy-to-remote-sites\"><a href=\"#Deploy-to-remote-sites\" class=\"headerlink\" title=\"Deploy to remote sites\"></a>Deploy to remote sites</h3><figure class=\"highlight bash\"><table><tr><td class=\"gutter\"><pre><span class=\"line\">1</span><br></pre></td><td class=\"code\"><pre><span class=\"line\">$ hexo deploy</span><br></pre></td></tr></table></figure>\n<p>More info: <a href=\"https://hexo.io/docs/deployment.html\" target=\"_blank\" rel=\"external\">Deployment</a></p>\n","site":{"data":{}},"excerpt":"","more":"<p>Welcome to to <a href=\"https://hexo.io/\" target=\"_blank\" rel=\"external\">Hexo</a>! This is your very first post. Check <a href=\"https://hexo.io/docs/\" target=\"_blank\" rel=\"external\">documentation</a> for more info. If you get any problems when using Hexo, you can find the answer in <a href=\"https://hexo.io/docs/troubleshooting.html\" target=\"_blank\" rel=\"external\">troubleshooting</a> or you can ask me on <a href=\"https://github.com/hexojs/hexo/issues\" target=\"_blank\" rel=\"external\">GitHub</a>.</p>\n<h2 id=\"Quick-Start\"><a href=\"#Quick-Start\" class=\"headerlink\" title=\"Quick Start\"></a>Quick Start</h2><h3 id=\"Create-a-new-post\"><a href=\"#Create-a-new-post\" class=\"headerlink\" title=\"Create a new post\"></a>Create a new post</h3><figure class=\"highlight bash\"><table><tr><td class=\"gutter\"><pre><span class=\"line\">1</span><br></pre></td><td class=\"code\"><pre><span class=\"line\">$ hexo new <span class=\"string\">\"My New Post\"</span></span><br></pre></td></tr></table></figure>\n<p>More info: <a href=\"https://hexo.io/docs/writing.html\" target=\"_blank\" rel=\"external\">Writing</a></p>\n<h3 id=\"Run-server\"><a href=\"#Run-server\" class=\"headerlink\" title=\"Run server\"></a>Run server</h3><figure class=\"highlight bash\"><table><tr><td class=\"gutter\"><pre><span class=\"line\">1</span><br></pre></td><td class=\"code\"><pre><span class=\"line\">$ hexo server</span><br></pre></td></tr></table></figure>\n<p>More info: <a href=\"https://hexo.io/docs/server.html\" target=\"_blank\" rel=\"external\">Server</a></p>\n<h3 id=\"Generate-static-files\"><a href=\"#Generate-static-files\" class=\"headerlink\" title=\"Generate static files\"></a>Generate static files</h3><figure class=\"highlight bash\"><table><tr><td class=\"gutter\"><pre><span class=\"line\">1</span><br></pre></td><td class=\"code\"><pre><span class=\"line\">$ hexo generate</span><br></pre></td></tr></table></figure>\n<p>More info: <a href=\"https://hexo.io/docs/generating.html\" target=\"_blank\" rel=\"external\">Generating</a></p>\n<h3 id=\"Deploy-to-remote-sites\"><a href=\"#Deploy-to-remote-sites\" class=\"headerlink\" title=\"Deploy to remote sites\"></a>Deploy to remote sites</h3><figure class=\"highlight bash\"><table><tr><td class=\"gutter\"><pre><span class=\"line\">1</span><br></pre></td><td class=\"code\"><pre><span class=\"line\">$ hexo deploy</span><br></pre></td></tr></table></figure>\n<p>More info: <a href=\"https://hexo.io/docs/deployment.html\" target=\"_blank\" rel=\"external\">Deployment</a></p>\n"}],"PostAsset":[],"PostCategory":[],"PostTag":[],"Tag":[]}}